"id_czasu","id_pracownika","data","godz_od","godz_do","zmiana"
"1","1","2025-10-18","08:00:00","16:00:00","1"
"2","2","2025-10-18","09:00:00","17:00:00","1"
"3","3","2025-10-18","10:00:00","18:00:00","2"
"id_czesci","nazwa","kod","producent","cena_netto","stawka_vat","stan_magazynowy"
"1","Olej silnikowy 5W30","OIL5W30","Castrol","100.00","23.00","50"
"2","Filtr oleju","FIL-OIL","Bosch","30.00","23.00","80"
"3","Klocki hamulcowe (przód)","KL-HAM-FR","TRW","200.00","23.00","40"
"id_dok","id_naprawy","typ","numer","data","kwota_netto","kwota_vat","kwota_brutto","sposob_platnosci"
"1","1","Faktura","FV/2025/001","2025-10-11 16:05:00","200.00","46.00","246.00","karta"
"2","2","Paragon","PAR/2025/002","2025-10-12 15:30:00","300.00","69.00","369.00","przelew"
"3","3","Faktura","FV/2025/003","2025-10-13 11:15:00","150.00","34.50","184.50","karta"
"id_dostawcy","nazwa","nip","adres","telefon","email"
"1","AutoParts Sp. z o.o.","1234567890","ul. Przemysłowa 1, Warszawa","222100200","kontakt@autoparts.pl"
"2","Mototech S.A.","9876543210","ul. Produkcyjna 5, Poznań","612200300","biuro@mototech.pl"
"3","SerwisPlus","5556667778","ul. Magazynowa 7, Łódź","426003004","info@serwisplus.pl"
"id_faktura_zakup","id_dostawcy","numer","data","kwota_netto","kwota_vat","kwota_brutto"
"1","1","FZ/2025/001","2025-10-05","1000.00","230.00","1230.00"
"2","2","FZ/2025/002","2025-10-06","500.00","115.00","615.00"
"3","3","FZ/2025/003","2025-10-07","750.00","172.50","922.50"
"id_kampanii","nazwa","typ","data_rozpoczecia","opis"
"1","Jesienna promocja","Email","2025-09-01","Zniżki na przeglądy i wymianę opon"
"2","Przeglądy 2025","SMS","2025-10-01","Przypomnienia o terminach przeglądów"
"3","Zimowe opony","Email","2025-11-01","Oferta na wymianę opon zimowych"
"id_kampania_klient","id_kampanii","id_klienta","status"
"1","1","1","otwarto"
"2","2","2","otwarto"
"3","3","3","otwarto"
"id_klienta","imie","nazwisko","pesel_nip","telefon","email","data_rejestracji","status"
"1","Jan","Kowalski","90010112345","600100200","jan.kowalski@gmail.com","2024-05-10","aktywny"
"2","Anna","Nowak","92020254321","600200300","anna.nowak@o2.com","2024-06-15","aktywny"
"3","Piotr","Zieliński","88030367890","600300400","piotr.zielinski@wp.com","2024-07-20","aktywny"
"id_klient_adres","id_klienta","ulica","nr_domu","nr_lokalu","miasto","kod_pocztowy","data_od","data_do"
"1","1","ul. Warszawska","10","2","Warszawa","00-001","2024-05-10","2026-12-31"
"2","2","ul. Krakowska","5",NULL,"Kraków","30-002","2024-06-15","2026-12-31"
"3","3","ul. Gdańska","7A","12","Gdańsk","80-003","2024-07-20","2026-12-31"
"id_naprawy","id_samochodu","id_pracownika","data_przyjecia","data_zakonczenia","opis","status"
"1","1","1","2025-10-10 08:30:00","2025-10-11 16:00:00",NULL,"zakończona"
"2","2","1","2025-10-12 09:00:00",NULL,NULL,"w_trakcie"
"3","3","3","2025-10-13 10:00:00",NULL,NULL,"przyjeta"
"id_naprawa_czesc","id_naprawy","id_czesci","ilosc","cena_netto_w_chwili_uzycia"
"1","1","1","4","100.00"
"2","1","2","1","30.00"
"3","2","3","1","200.00"
"id_pracownika","imie","nazwisko","pesel","stanowisko","data_zatrudnienia","stan_cywilny","aktywny"
"1","Adam","Mechanik","82010112345","Mechanik","2022-01-10","kawaler/panna","1"
"2","Beata","Recepcja","90020254321","Recepcjonista","2023-03-01","kawaler/panna","1"
"3","Cezary","Kierownik","79030367890","Kierownik","2020-09-15","kawaler/panna","1"
"id_rodzina","id_pracownika","typ","imie","nazwisko","data_urodzenia"
"1","1","dziecko","Kacper","Mechanik","2015-06-10"
"2","2",,"Jan","Recepcja","1992-04-12"
"3","3","dziecko","Ola","Kierownik","2012-09-05"
"id_przegladu","id_samochodu","data_przegladu","wynik","uwagi"
"1","1","2025-05-01","pozytywny","Bez uwag"
"2","2","2025-05-10","pozytywny","Wymieniono wycieraczki"
"3","3","2025-05-15","negatywny","Niesprawne hamulce"
"id_raportu","data","suma_netto","suma_vat","suma_brutto"
"1","2025-10-11","200.00","46.00","246.00"
"2","2025-10-12","300.00","69.00","369.00"
"3","2025-10-13","150.00","34.50","184.50"
"id_pozycji","id_raportu","id_dok"
"1","1","1"
"2","2","2"
"3","3","3"
"id_samochodu","id_klienta","marka","model","rok_prod","vin","nr_rejestracyjny"
"1","1","Toyota","Corolla","2015","JTDBR32E123456789","WWA12345"
"2","2","Volkswagen","Golf","2018","WVZZZ3CZ8JP123456","KR1234AB"
"3","3","BMW","320d","2016","WBA8E9G57GNT12345","GDA9K32"
"id_ubezpieczenia","id_rodzina","ubezpieczyciel","skladka","od_kiedy","do_kiedy"
"1","1","PZU","120.00","2025-01-01","2025-12-31"
"2","2","Warta","160.00","2025-02-01","2026-01-31"
"3","3","Allianz","140.00","2025-03-01","2026-02-28"
